dia;hora;dispositivo;voltaje;corriente
Lunes;1;Refrigeradora;218.02;4.36
Lunes;1;Televisor;224.51;3.24
Lunes;1;Computadora;219.77;2.0
Lunes;1;Lavadora;227.54;1.86
Lunes;2;Refrigeradora;182.69;2.04
Lunes;2;Televisor;218.34;4.93
Lunes;2;Computadora;218.84;3.94
Lunes;2;Lavadora;219.57;3.05
Lunes;3;Refrigeradora;212.5;4.93
Lunes;3;Televisor;223.61;4.66
Lunes;3;Computadora;219.42;2.98
Lunes;3;Lavadora;228.34;11.17
Lunes;4;Refrigeradora;225.07;3.5
Lunes;4;Televisor;224.37;4.27
Lunes;4;Computadora;214.76;3.69
Lunes;4;Lavadora;210.58;2.08
Lunes;5;Refrigeradora;224.1;1.1
Lunes;5;Televisor;219.12;4.69
Lunes;5;Computadora;181.44;3.56
Lunes;5;Lavadora;220.75;4.58
Lunes;6;Refrigeradora;222.27;1.49
Lunes;6;Televisor;192.29;4.96
Lunes;6;Computadora;211.81;3.65
Lunes;6;Lavadora;229.69;3.09
Lunes;7;Refrigeradora;225.76;4.78
Lunes;7;Televisor;218.43;3.54
Lunes;7;Computadora;210.79;3.33
Lunes;7;Lavadora;213.3;4.05
Lunes;8;Refrigeradora;225.21;2.4
Lunes;8;Televisor;243.08;1.8
Lunes;8;Computadora;242.53;4.92
Lunes;8;Lavadora;221.88;1.58
Lunes;9;Refrigeradora;226.98;4.96
Lunes;9;Televisor;217.39;4.33
Lunes;9;Computadora;222.33;1.26
Lunes;9;Lavadora;216.27;1.39
Lunes;10;Refrigeradora;215.16;2.49
Lunes;10;Televisor;222.45;4.58
Lunes;10;Computadora;217.87;1.23
Lunes;10;Lavadora;216.0;4.48
Lunes;11;Refrigeradora;210.6;3.2
Lunes;11;Televisor;227.14;4.35
Lunes;11;Computadora;222.73;4.23
Lunes;11;Lavadora;219.56;2.87
Lunes;12;Refrigeradora;220.43;2.56
Lunes;12;Televisor;221.17;4.17
Lunes;12;Computadora;189.3;2.9
Lunes;12;Lavadora;216.71;3.15
Lunes;13;Refrigeradora;212.82;3.5
Lunes;13;Televisor;244.14;1.54
Lunes;13;Computadora;213.86;1.57
Lunes;13;Lavadora;228.66;3.09
Lunes;14;Refrigeradora;229.63;3.19
Lunes;14;Televisor;252.85;4.17
Lunes;14;Computadora;211.04;1.73
Lunes;14;Lavadora;211.38;4.57
Lunes;15;Refrigeradora;221.17;1.1
Lunes;15;Televisor;228.85;1.44
Lunes;15;Computadora;228.43;10.94
Lunes;15;Lavadora;227.16;2.08
Lunes;16;Refrigeradora;223.47;2.09
Lunes;16;Televisor;228.07;3.77
Lunes;16;Computadora;228.61;3.68
Lunes;16;Lavadora;220.65;1.04
Lunes;17;Refrigeradora;216.76;4.7
Lunes;17;Televisor;224.33;4.85
Lunes;17;Computadora;212.16;1.02
Lunes;17;Lavadora;215.97;3.64
Lunes;18;Refrigeradora;223.0;2.77
Lunes;18;Televisor;187.34;3.59
Lunes;18;Computadora;213.73;4.72
Lunes;18;Lavadora;226.1;4.4
Lunes;19;Refrigeradora;215.91;4.5
Lunes;19;Televisor;223.87;4.16
Lunes;19;Computadora;213.12;3.1
Lunes;19;Lavadora;218.72;3.04
Lunes;20;Refrigeradora;221.79;1.2
Lunes;20;Televisor;229.91;1.58
Lunes;20;Computadora;227.05;2.68
Lunes;20;Lavadora;229.89;1.24
Lunes;21;Refrigeradora;185.53;2.54
Lunes;21;Televisor;229.23;3.24
Lunes;21;Computadora;225.58;2.19
Lunes;21;Lavadora;217.19;3.66
Lunes;22;Refrigeradora;215.32;12.23
Lunes;22;Televisor;227.03;3.93
Lunes;22;Computadora;224.75;4.12
Lunes;22;Lavadora;223.15;12.01
Lunes;23;Refrigeradora;213.86;13.67
Lunes;23;Televisor;215.0;2.4
Lunes;23;Computadora;249.82;2.75
Lunes;23;Lavadora;214.82;2.33
Lunes;24;Refrigeradora;224.82;1.54
Lunes;24;Televisor;225.6;2.63
Lunes;24;Computadora;228.85;3.59
Lunes;24;Lavadora;223.87;3.74
Martes;1;Refrigeradora;212.13;1.56
Martes;1;Televisor;248.67;1.95
Martes;1;Computadora;219.72;2.88
Martes;1;Lavadora;210.35;3.6
Martes;2;Refrigeradora;228.15;4.47
Martes;2;Televisor;216.8;2.29
Martes;2;Computadora;213.24;4.5
Martes;2;Lavadora;218.04;4.01
Martes;3;Refrigeradora;215.03;2.64
Martes;3;Televisor;242.11;4.51
Martes;3;Computadora;228.74;4.63
Martes;3;Lavadora;226.55;2.63
Martes;4;Refrigeradora;218.49;1.83
Martes;4;Televisor;213.75;4.2
Martes;4;Computadora;228.5;3.68
Martes;4;Lavadora;218.89;1.32
Martes;5;Refrigeradora;221.88;1.97
Martes;5;Televisor;229.8;1.1
Martes;5;Computadora;210.26;4.75
Martes;5;Lavadora;224.37;2.32
Martes;6;Refrigeradora;243.68;4.96
Martes;6;Televisor;229.72;10.37
Martes;6;Computadora;242.78;1.48
Martes;6;Lavadora;218.16;4.56
Martes;7;Refrigeradora;224.43;4.29
Martes;7;Televisor;218.88;2.96
Martes;7;Computadora;224.47;4.64
Martes;7;Lavadora;246.45;3.3
Martes;8;Refrigeradora;217.48;11.01
Martes;8;Televisor;220.45;2.09
Martes;8;Computadora;222.69;1.66
Martes;8;Lavadora;221.71;2.13
Martes;9;Refrigeradora;192.85;1.19
Martes;9;Televisor;227.56;4.55
Martes;9;Computadora;212.95;1.64
Martes;9;Lavadora;220.33;4.89
Martes;10;Refrigeradora;196.58;2.73
Martes;10;Televisor;224.24;3.1
Martes;10;Computadora;216.56;2.96
Martes;10;Lavadora;214.59;4.6
Martes;11;Refrigeradora;216.0;2.34
Martes;11;Televisor;222.38;1.62
Martes;11;Computadora;223.77;3.05
Martes;11;Lavadora;190.38;3.49
Martes;12;Refrigeradora;223.88;2.82
Martes;12;Televisor;253.71;2.83
Martes;12;Computadora;216.81;3.15
Martes;12;Lavadora;183.14;1.11
Martes;13;Refrigeradora;223.97;1.75
Martes;13;Televisor;224.32;4.41
Martes;13;Computadora;218.94;1.09
Martes;13;Lavadora;224.51;3.5
Martes;14;Refrigeradora;222.48;3.08
Martes;14;Televisor;194.02;4.69
Martes;14;Computadora;210.34;3.18
Martes;14;Lavadora;225.64;3.14
Martes;15;Refrigeradora;214.13;2.39
Martes;15;Televisor;221.57;4.4
Martes;15;Computadora;217.82;2.69
Martes;15;Lavadora;228.26;1.16
Martes;16;Refrigeradora;217.6;2.37
Martes;16;Televisor;217.85;14.19
Martes;16;Computadora;220.57;4.24
Martes;16;Lavadora;211.74;1.35
Martes;17;Refrigeradora;217.35;1.36
Martes;17;Televisor;254.87;1.14
Martes;17;Computadora;212.9;1.86
Martes;17;Lavadora;223.16;2.37
Martes;18;Refrigeradora;221.13;4.59
Martes;18;Televisor;217.68;3.34
Martes;18;Computadora;226.68;1.58
Martes;18;Lavadora;227.88;4.42
Martes;19;Refrigeradora;228.87;4.66
Martes;19;Televisor;212.77;2.25
Martes;19;Computadora;241.97;1.12
Martes;19;Lavadora;216.83;3.48
Martes;20;Refrigeradora;214.25;3.59
Martes;20;Televisor;212.3;3.24
Martes;20;Computadora;227.67;1.64
Martes;20;Lavadora;228.76;1.1
Martes;21;Refrigeradora;217.13;4.03
Martes;21;Televisor;245.49;1.81
Martes;21;Computadora;215.48;4.31
Martes;21;Lavadora;227.67;3.72
Martes;22;Refrigeradora;220.41;2.81
Martes;22;Televisor;228.5;13.9
Martes;22;Computadora;225.65;3.83
Martes;22;Lavadora;210.8;1.51
Martes;23;Refrigeradora;223.47;2.01
Martes;23;Televisor;220.24;3.61
Martes;23;Computadora;216.26;2.75
Martes;23;Lavadora;217.49;1.67
Martes;24;Refrigeradora;218.83;10.14
Martes;24;Televisor;224.45;2.55
Martes;24;Computadora;219.86;2.96
Martes;24;Lavadora;210.74;3.18
Miércoles;1;Refrigeradora;225.96;2.14
Miércoles;1;Televisor;247.04;2.16
Miércoles;1;Computadora;215.16;4.46
Miércoles;1;Lavadora;223.63;2.93
Miércoles;2;Refrigeradora;223.87;4.88
Miércoles;2;Televisor;248.4;4.05
Miércoles;2;Computadora;218.48;3.32
Miércoles;2;Lavadora;220.8;4.9
Miércoles;3;Refrigeradora;220.64;4.67
Miércoles;3;Televisor;216.41;3.98
Miércoles;3;Computadora;247.22;2.82
Miércoles;3;Lavadora;243.22;3.67
Miércoles;4;Refrigeradora;228.6;2.71
Miércoles;4;Televisor;224.15;3.35
Miércoles;4;Computadora;221.89;3.73
Miércoles;4;Lavadora;216.89;2.69
Miércoles;5;Refrigeradora;254.9;2.88
Miércoles;5;Televisor;210.19;2.28
Miércoles;5;Computadora;247.05;2.22
Miércoles;5;Lavadora;220.44;1.71
Miércoles;6;Refrigeradora;222.29;4.45
Miércoles;6;Televisor;226.83;4.8
Miércoles;6;Computadora;214.2;1.12
Miércoles;6;Lavadora;229.31;3.43
Miércoles;7;Refrigeradora;211.19;3.09
Miércoles;7;Televisor;210.19;4.57
Miércoles;7;Computadora;215.87;10.07
Miércoles;7;Lavadora;214.79;4.82
Miércoles;8;Refrigeradora;210.45;3.32
Miércoles;8;Televisor;182.64;13.23
Miércoles;8;Computadora;222.11;2.1
Miércoles;8;Lavadora;228.03;1.6
Miércoles;9;Refrigeradora;211.72;3.18
Miércoles;9;Televisor;190.32;4.42
Miércoles;9;Computadora;246.97;1.99
Miércoles;9;Lavadora;192.5;1.14
Miércoles;10;Refrigeradora;211.65;3.83
Miércoles;10;Televisor;219.46;1.08
Miércoles;10;Computadora;219.45;4.36
Miércoles;10;Lavadora;212.46;2.52
Miércoles;11;Refrigeradora;224.89;1.13
Miércoles;11;Televisor;217.92;4.98
Miércoles;11;Computadora;210.76;4.01
Miércoles;11;Lavadora;222.37;4.7
Miércoles;12;Refrigeradora;215.44;1.73
Miércoles;12;Televisor;217.88;1.08
Miércoles;12;Computadora;229.34;3.0
Miércoles;12;Lavadora;220.69;10.78
Miércoles;13;Refrigeradora;216.32;3.31
Miércoles;13;Televisor;224.02;1.96
Miércoles;13;Computadora;246.1;1.1
Miércoles;13;Lavadora;254.17;3.35
Miércoles;14;Refrigeradora;227.78;4.72
Miércoles;14;Televisor;213.74;1.96
Miércoles;14;Computadora;215.89;2.95
Miércoles;14;Lavadora;222.45;1.77
Miércoles;15;Refrigeradora;210.56;2.98
Miércoles;15;Televisor;213.19;3.13
Miércoles;15;Computadora;220.52;4.88
Miércoles;15;Lavadora;217.51;14.85
Miércoles;16;Refrigeradora;227.52;3.55
Miércoles;16;Televisor;211.06;4.25
Miércoles;16;Computadora;223.66;3.97
Miércoles;16;Lavadora;210.06;1.7
Miércoles;17;Refrigeradora;218.53;1.41
Miércoles;17;Televisor;219.8;3.18
Miércoles;17;Computadora;241.73;14.88
Miércoles;17;Lavadora;221.79;1.52
Miércoles;18;Refrigeradora;226.04;1.48
Miércoles;18;Televisor;223.19;3.61
Miércoles;18;Computadora;220.72;1.62
Miércoles;18;Lavadora;228.11;4.09
Miércoles;19;Refrigeradora;183.78;3.31
Miércoles;19;Televisor;220.22;1.68
Miércoles;19;Computadora;213.69;1.18
Miércoles;19;Lavadora;224.93;3.79
Miércoles;20;Refrigeradora;184.97;1.46
Miércoles;20;Televisor;224.73;2.82
Miércoles;20;Computadora;217.73;1.01
Miércoles;20;Lavadora;210.58;4.31
Miércoles;21;Refrigeradora;226.26;2.77
Miércoles;21;Televisor;224.82;2.7
Miércoles;21;Computadora;241.28;3.34
Miércoles;21;Lavadora;181.4;1.12
Miércoles;22;Refrigeradora;211.74;2.2
Miércoles;22;Televisor;213.81;1.09
Miércoles;22;Computadora;210.95;1.51
Miércoles;22;Lavadora;210.13;4.1
Miércoles;23;Refrigeradora;187.85;2.56
Miércoles;23;Televisor;254.29;3.95
Miércoles;23;Computadora;228.57;1.1
Miércoles;23;Lavadora;219.61;1.62
Miércoles;24;Refrigeradora;223.72;1.84
Miércoles;24;Televisor;211.62;2.8
Miércoles;24;Computadora;191.17;4.14
Miércoles;24;Lavadora;221.4;4.0
Jueves;1;Refrigeradora;217.06;14.69
Jueves;1;Televisor;229.11;1.34
Jueves;1;Computadora;216.12;4.2
Jueves;1;Lavadora;212.46;1.8
Jueves;2;Refrigeradora;220.84;1.89
Jueves;2;Televisor;222.55;2.52
Jueves;2;Computadora;213.64;4.66
Jueves;2;Lavadora;223.98;4.65
Jueves;3;Refrigeradora;212.24;1.55
Jueves;3;Televisor;218.47;3.21
Jueves;3;Computadora;191.75;1.67
Jueves;3;Lavadora;212.52;1.49
Jueves;4;Refrigeradora;213.58;2.43
Jueves;4;Televisor;244.82;2.54
Jueves;4;Computadora;217.62;3.61
Jueves;4;Lavadora;215.54;4.24
Jueves;5;Refrigeradora;214.07;4.6
Jueves;5;Televisor;223.44;1.43
Jueves;5;Computadora;219.14;14.3
Jueves;5;Lavadora;242.61;4.1
Jueves;6;Refrigeradora;226.48;1.68
Jueves;6;Televisor;213.15;3.65
Jueves;6;Computadora;222.61;1.07
Jueves;6;Lavadora;243.74;2.66
Jueves;7;Refrigeradora;224.88;2.68
Jueves;7;Televisor;221.96;4.52
Jueves;7;Computadora;213.64;2.31
Jueves;7;Lavadora;215.67;2.67
Jueves;8;Refrigeradora;217.16;4.42
Jueves;8;Televisor;185.08;3.65
Jueves;8;Computadora;220.99;4.46
Jueves;8;Lavadora;219.81;1.94
Jueves;9;Refrigeradora;225.74;2.17
Jueves;9;Televisor;250.73;1.97
Jueves;9;Computadora;222.49;3.08
Jueves;9;Lavadora;212.97;2.05
Jueves;10;Refrigeradora;224.76;2.36
Jueves;10;Televisor;220.19;1.05
Jueves;10;Computadora;220.7;2.14
Jueves;10;Lavadora;210.2;4.1
Jueves;11;Refrigeradora;214.41;1.74
Jueves;11;Televisor;226.65;2.66
Jueves;11;Computadora;225.43;2.38
Jueves;11;Lavadora;221.43;2.98
Jueves;12;Refrigeradora;225.92;1.11
Jueves;12;Televisor;217.72;3.67
Jueves;12;Computadora;181.45;1.96
Jueves;12;Lavadora;225.14;4.81
Jueves;13;Refrigeradora;217.02;4.9
Jueves;13;Televisor;227.26;2.34
Jueves;13;Computadora;225.43;2.69
Jueves;13;Lavadora;216.82;3.51
Jueves;14;Refrigeradora;215.04;3.2
Jueves;14;Televisor;222.05;3.18
Jueves;14;Computadora;224.74;2.62
Jueves;14;Lavadora;216.36;3.79
Jueves;15;Refrigeradora;225.19;4.1
Jueves;15;Televisor;185.35;4.75
Jueves;15;Computadora;245.91;13.74
Jueves;15;Lavadora;189.37;4.8
Jueves;16;Refrigeradora;198.25;4.18
Jueves;16;Televisor;253.91;2.67
Jueves;16;Computadora;248.62;1.47
Jueves;16;Lavadora;210.34;2.58
Jueves;17;Refrigeradora;223.5;3.8
Jueves;17;Televisor;218.78;1.74
Jueves;17;Computadora;222.51;1.39
Jueves;17;Lavadora;224.66;2.48
Jueves;18;Refrigeradora;221.27;3.87
Jueves;18;Televisor;212.33;4.74
Jueves;18;Computadora;212.2;4.72
Jueves;18;Lavadora;224.94;3.01
Jueves;19;Refrigeradora;226.76;2.83
Jueves;19;Televisor;211.69;3.67
Jueves;19;Computadora;215.26;3.35
Jueves;19;Lavadora;219.33;2.47
Jueves;20;Refrigeradora;249.65;2.05
Jueves;20;Televisor;253.84;3.84
Jueves;20;Computadora;217.04;1.78
Jueves;20;Lavadora;224.45;1.38
Jueves;21;Refrigeradora;229.37;3.36
Jueves;21;Televisor;214.31;4.75
Jueves;21;Computadora;219.56;1.86
Jueves;21;Lavadora;224.37;2.59
Jueves;22;Refrigeradora;243.96;2.65
Jueves;22;Televisor;249.09;11.28
Jueves;22;Computadora;194.22;2.41
Jueves;22;Lavadora;185.96;2.23
Jueves;23;Refrigeradora;215.13;4.7
Jueves;23;Televisor;226.73;1.69
Jueves;23;Computadora;221.95;4.44
Jueves;23;Lavadora;251.52;2.15
Jueves;24;Refrigeradora;184.55;4.22
Jueves;24;Televisor;252.49;2.5
Jueves;24;Computadora;211.1;2.78
Jueves;24;Lavadora;212.26;4.26
Viernes;1;Refrigeradora;189.65;2.05
Viernes;1;Televisor;225.86;4.88
Viernes;1;Computadora;251.1;4.65
Viernes;1;Lavadora;253.02;4.85
Viernes;2;Refrigeradora;252.77;4.92
Viernes;2;Televisor;215.68;3.67
Viernes;2;Computadora;210.28;2.42
Viernes;2;Lavadora;222.44;2.37
Viernes;3;Refrigeradora;217.38;12.64
Viernes;3;Televisor;226.0;2.15
Viernes;3;Computadora;211.33;3.84
Viernes;3;Lavadora;213.05;1.83
Viernes;4;Refrigeradora;218.31;2.8
Viernes;4;Televisor;229.8;3.16
Viernes;4;Computadora;210.94;2.65
Viernes;4;Lavadora;223.96;4.91
Viernes;5;Refrigeradora;225.42;1.05
Viernes;5;Televisor;216.84;2.18
Viernes;5;Computadora;214.47;1.31
Viernes;5;Lavadora;222.1;4.86
Viernes;6;Refrigeradora;223.85;3.79
Viernes;6;Televisor;246.92;1.89
Viernes;6;Computadora;213.87;2.81
Viernes;6;Lavadora;254.75;2.57
Viernes;7;Refrigeradora;226.38;1.9
Viernes;7;Televisor;212.51;1.07
Viernes;7;Computadora;253.88;1.73
Viernes;7;Lavadora;225.94;3.36
Viernes;8;Refrigeradora;213.71;4.81
Viernes;8;Televisor;244.24;1.36
Viernes;8;Computadora;218.93;1.53
Viernes;8;Lavadora;220.57;1.84
Viernes;9;Refrigeradora;222.64;4.32
Viernes;9;Televisor;218.38;2.65
Viernes;9;Computadora;217.95;2.34
Viernes;9;Lavadora;217.18;2.71
Viernes;10;Refrigeradora;228.91;4.63
Viernes;10;Televisor;254.49;1.45
Viernes;10;Computadora;229.69;2.05
Viernes;10;Lavadora;220.56;3.73
Viernes;11;Refrigeradora;213.54;4.38
Viernes;11;Televisor;210.58;1.09
Viernes;11;Computadora;213.79;2.65
Viernes;11;Lavadora;214.14;4.13
Viernes;12;Refrigeradora;215.19;4.27
Viernes;12;Televisor;216.75;4.33
Viernes;12;Computadora;214.69;2.13
Viernes;12;Lavadora;227.3;2.13
Viernes;13;Refrigeradora;221.13;1.96
Viernes;13;Televisor;210.75;2.08
Viernes;13;Computadora;196.09;3.92
Viernes;13;Lavadora;218.06;3.26
Viernes;14;Refrigeradora;220.74;1.41
Viernes;14;Televisor;214.17;2.84
Viernes;14;Computadora;228.7;4.56
Viernes;14;Lavadora;229.35;3.04
Viernes;15;Refrigeradora;190.35;3.02
Viernes;15;Televisor;184.01;4.47
Viernes;15;Computadora;210.63;3.18
Viernes;15;Lavadora;211.81;4.47
Viernes;16;Refrigeradora;223.39;1.62
Viernes;16;Televisor;214.24;3.45
Viernes;16;Computadora;225.16;4.3
Viernes;16;Lavadora;226.34;4.6
Viernes;17;Refrigeradora;195.31;3.12
Viernes;17;Televisor;213.92;4.95
Viernes;17;Computadora;216.48;1.38
Viernes;17;Lavadora;229.39;2.27
Viernes;18;Refrigeradora;215.85;2.68
Viernes;18;Televisor;225.15;1.29
Viernes;18;Computadora;225.59;3.45
Viernes;18;Lavadora;228.97;3.96
Viernes;19;Refrigeradora;225.88;2.22
Viernes;19;Televisor;218.25;3.74
Viernes;19;Computadora;229.0;1.34
Viernes;19;Lavadora;216.49;1.49
Viernes;20;Refrigeradora;211.53;1.74
Viernes;20;Televisor;223.47;4.39
Viernes;20;Computadora;218.69;3.45
Viernes;20;Lavadora;214.59;1.44
Viernes;21;Refrigeradora;216.96;4.79
Viernes;21;Televisor;181.22;4.83
Viernes;21;Computadora;228.64;1.8
Viernes;21;Lavadora;225.49;13.7
Viernes;22;Refrigeradora;213.78;2.76
Viernes;22;Televisor;217.77;2.57
Viernes;22;Computadora;250.66;2.29
Viernes;22;Lavadora;221.28;3.23
Viernes;23;Refrigeradora;227.55;4.7
Viernes;23;Televisor;214.27;13.13
Viernes;23;Computadora;226.54;2.96
Viernes;23;Lavadora;221.33;13.3
Viernes;24;Refrigeradora;212.27;2.68
Viernes;24;Televisor;221.28;4.74
Viernes;24;Computadora;226.06;2.2
Viernes;24;Lavadora;195.4;4.04
Sábado;1;Refrigeradora;245.25;4.54
Sábado;1;Televisor;181.62;2.51
Sábado;1;Computadora;215.71;1.23
Sábado;1;Lavadora;222.51;1.34
Sábado;2;Refrigeradora;222.69;4.9
Sábado;2;Televisor;212.38;3.43
Sábado;2;Computadora;219.1;2.69
Sábado;2;Lavadora;226.41;4.69
Sábado;3;Refrigeradora;228.41;1.23
Sábado;3;Televisor;214.36;13.07
Sábado;3;Computadora;213.62;1.75
Sábado;3;Lavadora;219.2;4.98
Sábado;4;Refrigeradora;210.49;3.94
Sábado;4;Televisor;217.82;2.42
Sábado;4;Computadora;226.11;1.71
Sábado;4;Lavadora;212.7;4.17
Sábado;5;Refrigeradora;219.67;2.87
Sábado;5;Televisor;227.24;2.67
Sábado;5;Computadora;229.56;1.35
Sábado;5;Lavadora;213.4;3.75
Sábado;6;Refrigeradora;181.22;4.49
Sábado;6;Televisor;229.07;3.79
Sábado;6;Computadora;223.1;2.37
Sábado;6;Lavadora;220.32;4.08
Sábado;7;Refrigeradora;218.48;1.59
Sábado;7;Televisor;244.38;3.67
Sábado;7;Computadora;225.96;4.94
Sábado;7;Lavadora;213.68;4.21
Sábado;8;Refrigeradora;216.74;4.56
Sábado;8;Televisor;226.76;2.62
Sábado;8;Computadora;184.66;3.91
Sábado;8;Lavadora;225.97;4.16
Sábado;9;Refrigeradora;226.45;2.22
Sábado;9;Televisor;228.87;3.78
Sábado;9;Computadora;218.42;3.62
Sábado;9;Lavadora;212.64;4.69
Sábado;10;Refrigeradora;217.12;4.34
Sábado;10;Televisor;194.86;4.1
Sábado;10;Computadora;215.73;11.78
Sábado;10;Lavadora;242.91;1.31
Sábado;11;Refrigeradora;223.51;1.25
Sábado;11;Televisor;216.57;14.65
Sábado;11;Computadora;220.76;3.77
Sábado;11;Lavadora;228.52;2.93
Sábado;12;Refrigeradora;227.23;4.37
Sábado;12;Televisor;221.09;3.6
Sábado;12;Computadora;222.83;1.08
Sábado;12;Lavadora;210.4;3.99
Sábado;13;Refrigeradora;223.69;4.65
Sábado;13;Televisor;229.36;2.54
Sábado;13;Computadora;214.02;3.34
Sábado;13;Lavadora;180.26;2.35
Sábado;14;Refrigeradora;217.46;1.95
Sábado;14;Televisor;223.06;4.27
Sábado;14;Computadora;224.38;4.58
Sábado;14;Lavadora;228.62;4.69
Sábado;15;Refrigeradora;211.1;2.96
Sábado;15;Televisor;219.04;4.7
Sábado;15;Computadora;224.08;2.03
Sábado;15;Lavadora;227.44;4.3
Sábado;16;Refrigeradora;193.03;2.48
Sábado;16;Televisor;213.97;3.76
Sábado;16;Computadora;219.51;13.42
Sábado;16;Lavadora;242.11;3.73
Sábado;17;Refrigeradora;217.54;4.75
Sábado;17;Televisor;225.86;1.79
Sábado;17;Computadora;216.96;3.41
Sábado;17;Lavadora;215.74;4.58
Sábado;18;Refrigeradora;219.66;4.78
Sábado;18;Televisor;249.61;2.37
Sábado;18;Computadora;220.34;2.97
Sábado;18;Lavadora;187.14;1.42
Sábado;19;Refrigeradora;212.12;1.72
Sábado;19;Televisor;219.94;4.94
Sábado;19;Computadora;214.82;2.76
Sábado;19;Lavadora;227.75;2.9
Sábado;20;Refrigeradora;218.43;3.43
Sábado;20;Televisor;210.32;4.5
Sábado;20;Computadora;220.28;3.91
Sábado;20;Lavadora;227.09;1.3
Sábado;21;Refrigeradora;214.24;1.35
Sábado;21;Televisor;193.82;2.27
Sábado;21;Computadora;248.24;3.95
Sábado;21;Lavadora;229.66;4.76
Sábado;22;Refrigeradora;227.44;4.15
Sábado;22;Televisor;226.38;1.48
Sábado;22;Computadora;217.29;13.95
Sábado;22;Lavadora;220.33;4.71
Sábado;23;Refrigeradora;223.76;4.74
Sábado;23;Televisor;189.63;3.67
Sábado;23;Computadora;198.47;2.6
Sábado;23;Lavadora;210.15;3.02
Sábado;24;Refrigeradora;213.62;2.84
Sábado;24;Televisor;210.16;3.23
Sábado;24;Computadora;190.86;2.8
Sábado;24;Lavadora;225.47;4.16
Domingo;1;Refrigeradora;226.93;4.43
Domingo;1;Televisor;214.16;3.25
Domingo;1;Computadora;227.15;2.89
Domingo;1;Lavadora;225.36;3.76
Domingo;2;Refrigeradora;193.96;4.69
Domingo;2;Televisor;217.38;1.88
Domingo;2;Computadora;226.8;4.87
Domingo;2;Lavadora;216.12;1.16
Domingo;3;Refrigeradora;229.03;2.12
Domingo;3;Televisor;210.75;3.93
Domingo;3;Computadora;211.05;1.56
Domingo;3;Lavadora;228.14;4.56
Domingo;4;Refrigeradora;215.52;2.79
Domingo;4;Televisor;220.17;4.34
Domingo;4;Computadora;225.83;1.89
Domingo;4;Lavadora;227.25;2.29
Domingo;5;Refrigeradora;241.33;2.97
Domingo;5;Televisor;242.83;4.26
Domingo;5;Computadora;186.43;3.01
Domingo;5;Lavadora;214.15;4.86
Domingo;6;Refrigeradora;218.18;4.35
Domingo;6;Televisor;219.7;1.88
Domingo;6;Computadora;210.17;4.02
Domingo;6;Lavadora;218.92;2.55
Domingo;7;Refrigeradora;225.5;2.18
Domingo;7;Televisor;241.21;1.73
Domingo;7;Computadora;212.78;2.89
Domingo;7;Lavadora;241.18;1.09
Domingo;8;Refrigeradora;216.15;14.45
Domingo;8;Televisor;195.17;4.43
Domingo;8;Computadora;191.02;1.86
Domingo;8;Lavadora;210.43;4.06
Domingo;9;Refrigeradora;213.59;3.93
Domingo;9;Televisor;223.2;4.46
Domingo;9;Computadora;210.25;1.58
Domingo;9;Lavadora;221.47;1.62
Domingo;10;Refrigeradora;210.46;3.46
Domingo;10;Televisor;225.68;3.43
Domingo;10;Computadora;229.44;2.37
Domingo;10;Lavadora;247.45;2.54
Domingo;11;Refrigeradora;229.28;2.03
Domingo;11;Televisor;227.26;3.44
Domingo;11;Computadora;226.73;2.97
Domingo;11;Lavadora;219.16;1.26
Domingo;12;Refrigeradora;241.12;1.64
Domingo;12;Televisor;215.03;4.42
Domingo;12;Computadora;216.95;4.37
Domingo;12;Lavadora;211.07;14.5
Domingo;13;Refrigeradora;253.32;2.63
Domingo;13;Televisor;228.23;2.35
Domingo;13;Computadora;228.77;3.18
Domingo;13;Lavadora;221.39;4.4
Domingo;14;Refrigeradora;216.75;3.32
Domingo;14;Televisor;218.57;3.01
Domingo;14;Computadora;246.23;3.9
Domingo;14;Lavadora;245.77;3.08
Domingo;15;Refrigeradora;218.98;14.23
Domingo;15;Televisor;227.01;3.99
Domingo;15;Computadora;212.99;13.95
Domingo;15;Lavadora;223.74;1.97
Domingo;16;Refrigeradora;210.4;1.07
Domingo;16;Televisor;212.97;1.3
Domingo;16;Computadora;217.82;1.31
Domingo;16;Lavadora;219.56;4.82
Domingo;17;Refrigeradora;215.46;1.61
Domingo;17;Televisor;227.6;2.88
Domingo;17;Computadora;194.21;2.66
Domingo;17;Lavadora;215.99;3.45
Domingo;18;Refrigeradora;188.61;4.01
Domingo;18;Televisor;229.56;4.02
Domingo;18;Computadora;219.02;4.97
Domingo;18;Lavadora;212.52;3.52
Domingo;19;Refrigeradora;219.65;10.13
Domingo;19;Televisor;218.44;4.68
Domingo;19;Computadora;226.29;3.11
Domingo;19;Lavadora;211.17;3.94
Domingo;20;Refrigeradora;252.34;1.09
Domingo;20;Televisor;227.21;2.6
Domingo;20;Computadora;215.44;4.58
Domingo;20;Lavadora;213.92;2.1
Domingo;21;Refrigeradora;211.41;4.98
Domingo;21;Televisor;215.93;2.89
Domingo;21;Computadora;211.27;4.96
Domingo;21;Lavadora;220.29;2.24
Domingo;22;Refrigeradora;216.92;2.55
Domingo;22;Televisor;250.53;3.66
Domingo;22;Computadora;213.55;1.2
Domingo;22;Lavadora;226.36;1.26
Domingo;23;Refrigeradora;181.71;4.42
Domingo;23;Televisor;229.08;1.61
Domingo;23;Computadora;212.51;2.77
Domingo;23;Lavadora;224.7;3.37
Domingo;24;Refrigeradora;229.55;1.51
Domingo;24;Televisor;251.49;3.02
Domingo;24;Computadora;223.64;1.55
Domingo;24;Lavadora;226.42;3.52
